registration_number,name,email,department,cgpa,attendance,weekly_logins,avg_time_spent,assignment_submission_rate,missed_assignments,lms_activity_status,fees_paid_status,risk_level
231FA04001,Aarav Mehta,student001@retentionai.edu,CSE,6.02,71.4,14,3.8,73.0,2,Moderate,Not Paid,Medium
231FA04002,Sana Sharma,student002@retentionai.edu,CSE,8.3,86.4,22,7.4,86.4,0,Active,Not Paid,Low
231FA04003,Yash Menon,student003@retentionai.edu,CSE,4.15,64.5,2,3.8,64.0,7,Low,Not Paid,High
231FA04004,Rohan Saxena,student004@retentionai.edu,CSE,6.97,72.3,14,4.2,71.2,2,Moderate,Not Paid,Medium
231FA04005,Simran Saxena,student005@retentionai.edu,CSE,6.02,80.4,12,6.2,72.6,2,Moderate,Not Paid,Medium
231FA04006,Rohan Ali,student006@retentionai.edu,CSE,8.19,97.9,18,10.2,85.2,0,Active,4090.26,4
231FA04007,Nisha Rao,student007@retentionai.edu,CSE,5.12,53.0,3,2.8,61.4,8,Low,30369.87,34
231FA04008,Vikram Bansal,student008@retentionai.edu,CSE,8.46,83.1,22,6.2,94.9,0,Active,1590.34,6
231FA04009,Lavanya George,student009@retentionai.edu,CSE,5.95,74.7,9,5.3,65.1,4,Moderate,11573.24,9
231FA04010,Kabir Bansal,student010@retentionai.edu,CSE,7.06,81.3,7,5.5,71.7,3,Moderate,9604.3,17
231FA04011,Vikram Iyer,student011@retentionai.edu,CSE,4.93,55.0,2,2.5,63.8,8,Low,13958.17,35
231FA04012,Dev Malhotra,student012@retentionai.edu,CSE,7.63,82.0,24,9.8,91.8,1,Active,4179.55,5
231FA04013,Dev George,student013@retentionai.edu,CSE,9.7,83.3,19,5.9,97.9,1,Active,719.32,4
231FA04014,Anika Jain,student014@retentionai.edu,CSE,6.87,74.2,7,3.5,76.8,4,Moderate,15953.16,7
231FA04015,Lavanya Vardhan,student015@retentionai.edu,CSE,9.76,94.9,20,10.0,89.5,0,Active,5633.58,1
231FA04016,Rohan Saxena,student016@retentionai.edu,CSE,9.55,95.5,16,10.1,85.7,1,Active,4626.72,5
231FA04017,Priya Verma,student017@retentionai.edu,CSE,5.28,51.7,5,2.3,66.0,4,Low,29978.49,21
231FA04018,Aditya Jain,student018@retentionai.edu,CSE,7.26,93.8,24,7.8,95.0,0,Active,1600.83,6
231FA04019,Rohan Iyer,student019@retentionai.edu,CSE,9.45,97.5,20,8.3,95.2,1,Active,5635.42,0
231FA04020,Anika Ali,student020@retentionai.edu,CSE,7.37,72.7,12,3.5,82.6,4,Moderate,12242.29,17
231FA04021,Varun Rao,student021@retentionai.edu,CSE,8.0,88.5,14,8.5,87.9,1,Active,4063.91,1
231FA04022,Lavanya Krishnan,student022@retentionai.edu,CSE,6.56,82.6,8,5.5,70.4,4,Moderate,11595.29,11
231FA04023,Vikram Malhotra,student023@retentionai.edu,CSE,8.28,92.1,21,7.6,91.0,0,Active,3936.35,0
231FA04024,Arjun Krishnan,student024@retentionai.edu,CSE,5.17,62.0,8,3.0,59.6,8,Low,20534.82,44
231FA04025,Kriti Saxena,student025@retentionai.edu,CSE,6.18,76.2,9,4.3,71.1,4,Moderate,4966.93,8
231FA04026,Diya Iyer,student026@retentionai.edu,CSE,6.73,79.7,12,4.9,82.9,3,Moderate,13041.7,19
231FA04027,Dev Sharma,student027@retentionai.edu,CSE,8.97,88.5,17,10.6,99.7,0,Active,5441.57,4
231FA04028,Meera Krishnan,student028@retentionai.edu,CSE,9.86,86.5,16,6.9,86.2,0,Active,4494.15,0
231FA04029,Vikram Verma,student029@retentionai.edu,CSE,7.17,76.5,11,4.0,76.5,4,Moderate,12620.29,18
231FA04030,Tara Pillai,student030@retentionai.edu,CSE,9.01,86.8,22,6.2,99.8,0,Active,2083.22,3
231FA04031,Rahul Saxena,student031@retentionai.edu,CSE,7.66,90.3,19,9.9,93.1,1,Active,2789.24,6
231FA04032,Pooja Das,student032@retentionai.edu,CSE,6.09,73.0,11,4.3,76.3,3,Moderate,10669.49,14
231FA04033,Priya Malhotra,student033@retentionai.edu,CSE,6.27,75.7,11,4.9,75.1,3,Moderate,15959.58,14
231FA04034,Kabir Vardhan,student034@retentionai.edu,CSE,7.76,89.7,22,8.4,89.2,0,Active,4995.77,2
231FA04035,Neha Saxena,student035@retentionai.edu,CSE,9.57,91.2,17,7.4,99.5,1,Active,5646.38,3
231FA04036,Ishaan Patel,student036@retentionai.edu,CSE,7.39,78.5,9,5.8,72.2,3,Moderate,7568.24,15
231FA04037,Sana Joshi,student037@retentionai.edu,CSE,6.08,69.0,13,5.6,73.9,2,Moderate,6777.71,17
231FA04038,Aditi Verma,student038@retentionai.edu,CSE,5.9,81.1,10,4.8,73.9,3,Moderate,12396.8,10
231FA04039,Aarav Patel,student039@retentionai.edu,CSE,6.88,73.8,8,4.9,77.4,3,Moderate,6177.87,15
231FA04040,Varun Singh,student040@retentionai.edu,CSE,6.89,79.3,14,3.6,66.7,3,Moderate,7879.29,18
231FA04041,Yash Chopra,student041@retentionai.edu,CSE,5.88,73.7,10,4.8,78.3,2,Moderate,4346.43,16
231FA04042,Vikram Rao,student042@retentionai.edu,CSE,9.36,90.0,18,9.4,91.2,1,Active,5881.47,1
231FA04043,Manav George,student043@retentionai.edu,CSE,9.09,95.4,20,8.2,87.2,1,Active,2070.74,4
231FA04044,Kabir Malhotra,student044@retentionai.edu,CSE,9.77,94.7,12,8.2,85.6,1,Active,5218.2,6
231FA04045,Riya Malhotra,student045@retentionai.edu,CSE,5.02,57.9,6,3.8,63.8,7,Low,31082.79,35
231FA04046,Farhan Rao,student046@retentionai.edu,CSE,6.07,74.2,11,5.9,70.6,3,Moderate,9168.24,9
231FA04047,Vikram Malhotra,student047@retentionai.edu,CSE,6.54,73.6,6,6.2,73.8,3,Low,12131.33,8
231FA04048,Ishaan Iyer,student048@retentionai.edu,CSE,7.82,91.2,21,7.1,99.7,1,Active,1646.88,4
231FA04049,Rahul Jain,student049@retentionai.edu,CSE,6.2,80.6,8,5.4,82.2,4,Moderate,4473.07,18
231FA04050,Neha Vardhan,student050@retentionai.edu,CSE,7.87,95.2,22,7.1,98.1,0,Active,2809.99,0
231FA04051,Pooja Sharma,student051@retentionai.edu,CSE,8.16,94.0,16,10.0,99.1,0,Active,4049.02,3
231FA04052,Arjun Verma,student052@retentionai.edu,CSE,7.39,71.6,14,3.9,73.6,4,Moderate,15392.57,17
231FA04053,Yash Ali,student053@retentionai.edu,CSE,4.82,59.1,6,1.5,58.6,8,Low,30033.92,35
231FA04054,Aditi Saxena,student054@retentionai.edu,CSE,7.06,73.4,9,3.7,79.5,2,Moderate,11036.6,19
231FA04055,Neha Vardhan,student055@retentionai.edu,CSE,5.45,48.6,4,3.0,38.5,6,Low,13047.98,38
231FA04056,Arjun Krishnan,student056@retentionai.edu,CSE,5.87,81.0,14,4.4,77.2,2,Moderate,4729.9,13
231FA04057,Neha Patel,student057@retentionai.edu,CSE,8.85,90.8,19,8.4,91.8,1,Active,595.07,5
231FA04058,Arjun Das,student058@retentionai.edu,CSE,7.86,97.3,17,5.9,97.5,0,Active,2591.26,5
231FA04059,Sneha Ali,student059@retentionai.edu,CSE,5.32,56.8,4,1.7,52.5,4,Low,19002.28,32
231FA04060,Kriti Pillai,student060@retentionai.edu,CSE,4.6,67.1,6,1.2,64.1,8,Low,25146.89,17
231FA04061,Karan Menon,student061@retentionai.edu,CSE,9.65,91.5,12,6.4,94.3,0,Active,1632.62,5
231FA04062,Rohan Gupta,student062@retentionai.edu,CSE,7.38,70.8,9,5.8,79.5,3,Moderate,7937.47,6
231FA04063,Manav Menon,student063@retentionai.edu,CSE,4.09,48.5,6,2.9,55.2,7,Low,17790.3,27
231FA04064,Rahul Patel,student064@retentionai.edu,CSE,6.5,75.6,10,5.7,69.2,2,Moderate,4916.55,16
231FA04065,Vikram Rao,student065@retentionai.edu,CSE,4.38,51.8,2,1.7,61.2,7,Low,21279.06,33
231FA04066,Anika Verma,student066@retentionai.edu,CSE,4.97,58.5,1,2.3,40.2,7,Low,21038.28,16
231FA04067,Manav Mehta,student067@retentionai.edu,CSE,6.71,72.6,14,4.0,66.2,2,Moderate,13731.6,19
231FA04068,Nisha George,student068@retentionai.edu,CSE,4.82,55.1,6,3.2,39.6,6,Low,13318.24,18
231FA04069,Rohan Verma,student069@retentionai.edu,CSE,9.02,88.3,11,7.2,90.7,1,Moderate,4879.11,5
231FA04070,Meera Das,student070@retentionai.edu,CSE,7.79,84.2,23,9.8,92.6,0,Active,3971.58,6
231FA04071,Yash Gupta,student071@retentionai.edu,CSE,5.17,55.7,8,3.9,43.8,8,Low,31688.8,29
231FA04072,Yash Verma,student072@retentionai.edu,CSE,8.45,87.9,21,10.2,97.8,1,Active,503.25,1
231FA04073,Pooja George,student073@retentionai.edu,CSE,9.79,88.0,24,6.0,95.7,1,Active,4748.28,1
231FA04074,Neha Vardhan,student074@retentionai.edu,CSE,9.22,85.8,13,7.8,96.9,1,Active,376.84,6
231FA04075,Vikram Bansal,student075@retentionai.edu,CSE,6.87,77.3,14,5.1,79.9,4,Moderate,10649.82,12
231FA04076,Manav Patel,student076@retentionai.edu,CSE,8.91,83.7,22,7.3,85.7,1,Active,4881.05,1
231FA04077,Diya Iyer,student077@retentionai.edu,CSE,8.54,97.8,14,5.7,94.7,1,Active,2141.85,6
231FA04078,Karan Malhotra,student078@retentionai.edu,CSE,9.6,90.3,21,7.8,91.5,0,Active,3272.85,2
231FA04079,Varun Menon,student079@retentionai.edu,CSE,8.86,91.2,20,9.0,90.4,0,Active,5716.74,1
231FA04080,Rahul Menon,student080@retentionai.edu,CSE,6.02,75.1,10,4.2,67.2,4,Moderate,6232.58,14
231FA04081,Dev Iyer,student081@retentionai.edu,CSE,6.52,82.6,7,5.9,83.4,3,Moderate,12014.08,17
231FA04082,Manav Menon,student082@retentionai.edu,CSE,7.38,80.3,13,3.6,75.5,3,Moderate,9608.87,14
231FA04083,Farhan Bansal,student083@retentionai.edu,CSE,8.87,89.2,15,6.2,97.4,0,Active,4606.69,1
231FA04084,Vikram Menon,student084@retentionai.edu,CSE,4.55,63.9,3,3.1,56.4,4,Low,22051.46,20
231FA04085,Varun Sharma,student085@retentionai.edu,CSE,9.2,86.2,19,7.8,94.6,1,Active,5333.98,4
231FA04086,Farhan Malhotra,student086@retentionai.edu,CSE,8.78,87.0,21,10.9,90.2,1,Active,784.6,2
231FA04087,Ishaan Reddy,student087@retentionai.edu,CSE,9.7,96.4,24,8.7,89.7,0,Active,2989.59,4
231FA04088,Diya Gupta,student088@retentionai.edu,CSE,8.6,95.6,24,7.0,90.5,1,Active,2195.62,3
231FA04089,Yash Joshi,student089@retentionai.edu,CSE,9.74,85.4,15,8.6,90.5,0,Active,1194.35,4
231FA04090,Nisha Verma,student090@retentionai.edu,CSE,6.43,78.6,11,5.0,74.7,3,Moderate,12504.88,10
231FA04091,Simran Mehta,student091@retentionai.edu,CSE,8.43,97.5,22,8.7,88.4,0,Active,3501.14,1
231FA04092,Neha Ali,student092@retentionai.edu,CSE,8.5,91.8,23,9.5,85.9,0,Active,3112.1,4
231FA04093,Meera Jain,student093@retentionai.edu,CSE,7.31,83.8,9,5.6,74.3,3,Moderate,8185.64,20
231FA04094,Manav Verma,student094@retentionai.edu,CSE,6.1,50.0,5,3.4,44.4,8,Low,17422.65,32
231FA04095,Rohan George,student095@retentionai.edu,CSE,7.46,87.3,20,9.7,85.1,0,Active,2441.44,3
231FA04096,Vikram Vardhan,student096@retentionai.edu,CSE,6.52,81.7,6,6.5,72.5,3,Low,6235.74,17
231FA04097,Aditi Vardhan,student097@retentionai.edu,CSE,9.41,89.5,11,7.3,96.0,1,Moderate,4311.59,0
231FA04098,Riya Reddy,student098@retentionai.edu,CSE,7.37,77.9,6,4.3,69.5,3,Low,15448.42,10
231FA04099,Pooja Joshi,student099@retentionai.edu,CSE,7.51,96.7,19,6.7,99.4,1,Active,919.11,5
231FA04100,Rohan Chopra,student100@retentionai.edu,CSE,4.98,65.6,2,1.4,54.4,8,Low,16043.14,32
231FA04101,Riya George,student101@retentionai.edu,CSE,5.95,75.8,14,4.9,80.3,4,Moderate,4261.25,10
231FA04102,Dev Nair,student102@retentionai.edu,CSE,5.69,67.1,7,2.3,64.7,7,Low,29392.41,44
231FA04103,Rahul Rao,student103@retentionai.edu,CSE,6.0,83.7,6,6.4,73.8,4,Low,10533.34,14
231FA04104,Kabir Chopra,student104@retentionai.edu,CSE,5.4,63.4,1,1.9,40.0,8,Low,12671.53,34
231FA04105,Sneha Nair,student105@retentionai.edu,CSE,7.11,80.2,11,4.2,81.6,4,Moderate,10255.01,12
231FA04106,Harsh Malhotra,student106@retentionai.edu,CSE,6.87,81.0,12,4.7,70.7,2,Moderate,13052.99,13
231FA04107,Farhan Ali,student107@retentionai.edu,CSE,7.83,85.3,24,8.0,90.6,0,Active,309.22,3
231FA04108,Aditya Sharma,student108@retentionai.edu,CSE,7.51,98.0,13,9.3,95.6,1,Active,5490.76,4
231FA04109,Manav Mehta,student109@retentionai.edu,CSE,6.39,75.8,9,5.7,65.3,4,Moderate,15217.1,15
231FA04110,Harsh Saxena,student110@retentionai.edu,CSE,9.18,89.8,21,8.2,87.5,1,Active,1015.59,5
231FA04111,Aarav Ali,student111@retentionai.edu,CSE,9.04,82.3,15,5.8,94.6,1,Active,3955.71,0
231FA04112,Arjun George,student112@retentionai.edu,CSE,8.81,86.0,22,7.7,90.6,1,Active,2753.99,1
231FA04113,Pooja Reddy,student113@retentionai.edu,CSE,8.86,93.2,23,7.9,96.8,0,Active,5368.75,0
231FA04114,Anika Sharma,student114@retentionai.edu,CSE,5.81,68.5,5,1.7,45.2,7,Low,25540.7,32
231FA04115,Diya Rao,student115@retentionai.edu,CSE,4.75,67.2,7,4.1,47.8,6,Low,27670.96,29
231FA04116,Pooja Patel,student116@retentionai.edu,CSE,6.19,71.0,12,5.6,77.0,4,Moderate,8675.46,11
231FA04117,Karan Ali,student117@retentionai.edu,CSE,7.27,87.7,19,9.8,98.0,0,Active,1751.08,3
231FA04118,Neha Patel,student118@retentionai.edu,CSE,8.29,89.7,14,10.7,95.8,1,Active,3562.84,1
231FA04119,Farhan Saxena,student119@retentionai.edu,CSE,8.03,97.2,15,6.5,91.0,1,Active,1748.69,5
231FA04120,Harsh Singh,student120@retentionai.edu,CSE,6.54,79.9,10,6.0,66.3,3,Moderate,12075.73,8
231FA04121,Lavanya Kulkarni,student121@retentionai.edu,CSE,8.52,96.7,18,5.7,99.5,0,Active,656.22,1
231FA04122,Sana Jain,student122@retentionai.edu,CSE,8.17,89.4,21,8.3,90.2,0,Active,2896.63,2
231FA04123,Meera George,student123@retentionai.edu,CSE,7.45,93.6,11,7.2,97.2,0,Moderate,135.51,2
231FA04124,Lavanya Jain,student124@retentionai.edu,CSE,7.68,92.2,10,9.6,98.2,1,Moderate,3553.22,3
231FA04125,Anika Iyer,student125@retentionai.edu,CSE,8.94,89.8,15,8.8,94.2,0,Active,2087.55,6
231FA04126,Anika Rao,student126@retentionai.edu,CSE,6.09,79.7,12,5.3,75.9,3,Moderate,6229.04,16
231FA04127,Kriti Krishnan,student127@retentionai.edu,CSE,9.67,89.8,16,10.8,92.6,1,Active,2454.81,3
231FA04128,Ishaan Singh,student128@retentionai.edu,CSE,9.13,94.3,11,8.6,89.0,1,Moderate,3252.26,6
231FA04129,Rahul Patel,student129@retentionai.edu,CSE,9.31,85.4,21,7.4,95.7,1,Active,995.89,1
231FA04130,Ishaan Gupta,student130@retentionai.edu,CSE,6.17,65.0,7,4.0,67.8,5,Low,26028.53,19
231FA04131,Sana Saxena,student131@retentionai.edu,CSE,5.92,81.1,12,5.0,70.3,3,Moderate,9456.35,13
231FA04132,Aditi Joshi,student132@retentionai.edu,CSE,5.75,57.9,4,2.7,47.7,6,Low,18755.1,33
231FA04133,Manav Krishnan,student133@retentionai.edu,CSE,8.35,82.0,13,11.0,98.6,1,Active,953.86,2
231FA04134,Riya Pillai,student134@retentionai.edu,CSE,8.44,84.1,20,7.9,85.1,1,Active,4902.65,6
231FA04135,Simran Gupta,student135@retentionai.edu,CSE,9.31,96.0,20,6.3,93.0,0,Active,3661.92,1
231FA04136,Arjun Verma,student136@retentionai.edu,CSE,9.1,87.6,22,6.3,89.2,0,Active,1489.0,4
231FA04137,Ishaan Saxena,student137@retentionai.edu,CSE,6.42,73.4,7,5.1,83.6,3,Moderate,15207.09,8
231FA04138,Tara Patel,student138@retentionai.edu,CSE,7.3,83.0,18,7.1,95.7,1,Active,2541.45,3
231FA04139,Aditi Chopra,student139@retentionai.edu,CSE,9.02,93.7,10,6.8,98.9,0,Moderate,2720.23,4
231FA04140,Kriti Mehta,student140@retentionai.edu,CSE,6.0,80.9,7,5.8,65.6,3,Moderate,7263.77,7
231FA04141,Karan Khan,student141@retentionai.edu,CSE,8.95,83.8,10,5.7,97.9,0,Moderate,275.89,2
231FA04142,Vikram Das,student142@retentionai.edu,CSE,6.31,81.3,7,5.0,82.1,2,Moderate,6678.22,14
231FA04143,Aarav Menon,student143@retentionai.edu,CSE,7.06,80.4,11,5.3,74.4,2,Moderate,12789.56,14
231FA04144,Aditi Pillai,student144@retentionai.edu,CSE,7.01,75.3,10,3.8,75.1,2,Moderate,9037.79,6
231FA04145,Farhan Pillai,student145@retentionai.edu,CSE,4.19,50.4,7,1.4,55.0,7,Low,25248.88,19
231FA04146,Anika Das,student146@retentionai.edu,CSE,4.16,53.1,2,1.7,42.9,7,Low,18280.67,18
231FA04147,Manav Joshi,student147@retentionai.edu,CSE,9.37,86.4,13,10.8,90.9,0,Active,4063.1,2
231FA04148,Diya Chopra,student148@retentionai.edu,CSE,9.34,88.0,20,6.0,93.8,0,Active,130.8,0
231FA04149,Kabir Reddy,student149@retentionai.edu,CSE,8.98,84.8,12,7.0,91.7,0,Active,207.9,4
231FA04150,Aditi George,student150@retentionai.edu,CSE,9.23,90.2,17,7.4,93.5,1,Active,2330.29,1
231FA04151,Karan Rao,student151@retentionai.edu,CSE,5.17,67.8,4,2.9,67.5,7,Low,19096.09,41
231FA04152,Aarav Pillai,student152@retentionai.edu,CSE,5.57,62.1,8,2.8,43.3,4,Low,13805.15,22
231FA04153,Anika Pillai,student153@retentionai.edu,CSE,4.05,62.7,2,3.7,63.8,4,Low,19471.82,45
231FA04154,Manav Saxena,student154@retentionai.edu,CSE,5.72,62.0,6,1.9,55.7,5,Low,19567.68,38
231FA04155,Sneha Bansal,student155@retentionai.edu,CSE,4.7,68.2,2,4.0,42.2,4,Low,16759.92,25
231FA04156,Sana Iyer,student156@retentionai.edu,CSE,7.87,83.7,16,7.9,91.3,0,Active,5307.31,3
231FA04157,Lavanya Patel,student157@retentionai.edu,CSE,7.25,86.2,15,6.4,90.6,0,Active,3282.28,0
231FA04158,Meera Ali,student158@retentionai.edu,CSE,7.67,85.8,19,8.5,92.4,0,Active,2164.97,3
231FA04159,Rohan Khan,student159@retentionai.edu,CSE,6.39,75.3,6,4.3,73.8,2,Low,14044.95,15
231FA04160,Tara Jain,student160@retentionai.edu,CSE,5.8,58.5,8,2.9,45.1,6,Low,13579.1,43
231FA04161,Sneha Krishnan,student161@retentionai.edu,CSE,9.3,84.0,20,7.9,100.0,0,Active,5004.65,2
231FA04162,Varun Sharma,student162@retentionai.edu,CSE,8.28,84.4,22,10.8,86.5,0,Active,3376.1,0
231FA04163,Neha Kulkarni,student163@retentionai.edu,CSE,8.23,96.1,10,9.6,98.8,1,Moderate,121.4,6
231FA04164,Anika Khan,student164@retentionai.edu,CSE,5.42,52.7,7,3.4,60.8,6,Low,28420.35,31
231FA04165,Nisha Bansal,student165@retentionai.edu,CSE,5.93,53.0,1,2.6,65.5,5,Low,17479.55,41
231FA04166,Yash Krishnan,student166@retentionai.edu,CSE,8.63,87.5,14,9.6,95.3,1,Active,164.7,0
231FA04167,Sneha Chopra,student167@retentionai.edu,CSE,9.57,92.4,10,6.7,94.1,1,Moderate,4276.44,5
231FA04168,Pooja Bansal,student168@retentionai.edu,CSE,6.2,72.2,5,2.1,41.2,4,Low,18725.67,23
231FA04169,Sneha Jain,student169@retentionai.edu,CSE,8.03,84.2,17,11.0,88.9,1,Active,2427.59,5
231FA04170,Karan Joshi,student170@retentionai.edu,CSE,7.45,84.0,22,8.6,98.7,1,Active,3926.61,1
231FA04171,Varun Saxena,student171@retentionai.edu,CSE,7.22,77.0,12,5.1,72.8,2,Moderate,5648.38,9
231FA04172,Riya Malhotra,student172@retentionai.edu,CSE,8.85,82.1,22,9.8,93.6,0,Active,2937.46,6
231FA04173,Meera Mehta,student173@retentionai.edu,CSE,9.17,90.5,10,8.9,88.7,1,Moderate,1872.55,0
231FA04174,Farhan Joshi,student174@retentionai.edu,CSE,6.37,72.6,12,3.6,69.3,2,Moderate,6534.28,6
231FA04175,Sana Chopra,student175@retentionai.edu,CSE,6.19,64.5,1,1.3,41.5,7,Low,19605.08,32
231FA04176,Rohan George,student176@retentionai.edu,CSE,7.13,71.5,7,4.3,79.9,3,Moderate,6383.76,9
231FA04177,Aditya Iyer,student177@retentionai.edu,CSE,6.18,70.2,7,6.0,77.7,2,Moderate,15393.35,18
231FA04178,Arjun Singh,student178@retentionai.edu,CSE,7.08,74.4,7,6.1,81.9,2,Moderate,14223.98,16
231FA04179,Kriti Das,student179@retentionai.edu,CSE,8.24,89.3,21,10.2,97.0,0,Active,678.34,5
231FA04180,Pooja Chopra,student180@retentionai.edu,CSE,9.49,96.5,17,10.6,86.7,1,Active,2644.13,0
231FA04181,Yash Rao,student181@retentionai.edu,CSE,6.35,79.5,14,6.2,76.6,2,Moderate,11720.78,8
231FA04182,Anika Khan,student182@retentionai.edu,CSE,8.79,88.5,17,7.9,93.6,0,Active,5139.54,3
231FA04183,Simran George,student183@retentionai.edu,CSE,6.87,83.3,6,5.9,81.0,3,Low,10721.81,15
231FA04184,Anika Menon,student184@retentionai.edu,CSE,8.56,93.2,12,8.2,97.3,1,Active,641.77,4
231FA04185,Arjun Chopra,student185@retentionai.edu,CSE,7.14,81.7,13,4.9,76.2,4,Moderate,5615.63,13
231FA04186,Karan Pillai,student186@retentionai.edu,CSE,5.79,50.6,6,2.7,49.5,8,Low,30318.2,39
231FA04187,Farhan Kulkarni,student187@retentionai.edu,CSE,8.62,87.0,18,9.0,88.0,1,Active,4119.67,5
231FA04188,Tara Bansal,student188@retentionai.edu,CSE,7.0,81.8,12,5.9,74.9,2,Moderate,8570.44,6
231FA04189,Kriti Nair,student189@retentionai.edu,CSE,9.07,82.5,11,8.9,95.1,0,Moderate,4454.48,4
231FA04190,Sana Iyer,student190@retentionai.edu,CSE,9.94,93.3,22,8.7,96.1,0,Active,4656.88,1
231FA04191,Neha Singh,student191@retentionai.edu,CSE,6.5,79.9,8,6.3,76.3,4,Moderate,11387.3,16
231FA04192,Karan Ali,student192@retentionai.edu,CSE,4.77,71.5,6,2.3,44.6,8,Low,22609.98,32
231FA04193,Pooja Rao,student193@retentionai.edu,CSE,5.59,48.6,6,2.7,53.3,7,Low,12877.03,43
231FA04194,Aarav Saxena,student194@retentionai.edu,CSE,6.81,73.0,7,4.1,80.7,4,Moderate,13302.48,16
231FA04195,Riya Patel,student195@retentionai.edu,CSE,7.85,83.1,24,6.9,90.8,1,Active,2598.15,0
231FA04196,Varun Patel,student196@retentionai.edu,CSE,9.25,86.8,22,10.6,90.7,0,Active,2843.93,4
231FA04197,Aarav Vardhan,student197@retentionai.edu,CSE,4.09,62.3,2,2.1,60.4,6,Low,16234.74,43
231FA04198,Manav Bansal,student198@retentionai.edu,CSE,8.38,86.7,11,6.6,93.7,1,Moderate,2142.83,5
231FA04199,Priya Bansal,student199@retentionai.edu,CSE,6.31,76.0,9,5.9,78.5,4,Moderate,9233.49,19
231FA04200,Harsh Rao,student200@retentionai.edu,CSE,9.43,84.2,14,9.5,94.4,0,Active,5352.63,6
231FA04201,Simran Vardhan,student201@retentionai.edu,CSE,8.22,96.3,23,7.1,92.0,0,Active,2380.71,4
231FA04202,Tara Bansal,student202@retentionai.edu,CSE,9.1,97.0,22,8.2,85.9,1,Active,1404.11,5
231FA04203,Sana Mehta,student203@retentionai.edu,CSE,6.85,75.1,7,5.0,72.2,2,Moderate,10196.46,11
231FA04204,Vikram Patel,student204@retentionai.edu,CSE,7.59,84.5,23,6.2,88.5,1,Active,4321.53,3
231FA04205,Aditi George,student205@retentionai.edu,CSE,7.63,96.8,16,8.8,93.5,0,Active,5271.05,5
231FA04206,Manav Bansal,student206@retentionai.edu,CSE,6.86,73.7,11,6.3,76.3,2,Moderate,6757.77,12
231FA04207,Arjun Singh,student207@retentionai.edu,CSE,8.58,94.0,20,6.2,94.1,0,Active,5381.81,6
231FA04208,Manav Mehta,student208@retentionai.edu,CSE,7.55,89.6,23,6.0,94.0,1,Active,1546.83,0
231FA04209,Anika Ali,student209@retentionai.edu,CSE,6.48,78.2,14,4.8,71.9,3,Moderate,15901.58,12
231FA04210,Sana Gupta,student210@retentionai.edu,CSE,6.93,80.3,7,5.7,73.5,4,Moderate,15390.94,7
231FA04211,Aarav Patel,student211@retentionai.edu,CSE,4.96,51.8,2,3.0,59.7,7,Low,24279.31,31
231FA04212,Rohan George,student212@retentionai.edu,CSE,9.24,90.2,19,6.4,85.5,0,Active,3930.11,1
231FA04213,Riya Patel,student213@retentionai.edu,CSE,7.13,82.8,10,4.2,83.3,3,Moderate,15156.57,15
231FA04214,Arjun George,student214@retentionai.edu,CSE,8.46,88.0,13,9.7,99.4,1,Active,4089.57,4
231FA04215,Aarav Pillai,student215@retentionai.edu,CSE,5.95,79.4,7,5.2,68.4,3,Moderate,8242.46,20
231FA04216,Vikram Mehta,student216@retentionai.edu,CSE,6.17,81.7,11,4.0,67.0,2,Moderate,12109.75,16
231FA04217,Yash Das,student217@retentionai.edu,CSE,6.09,79.5,12,4.2,76.0,2,Moderate,10308.83,12
231FA04218,Anika Pillai,student218@retentionai.edu,CSE,6.14,78.1,10,4.1,70.0,3,Moderate,9656.14,15
231FA04219,Sana Krishnan,student219@retentionai.edu,CSE,5.51,68.4,4,2.9,63.7,5,Low,14916.87,45
231FA04220,Varun Saxena,student220@retentionai.edu,CSE,5.07,54.3,1,2.4,58.7,4,Low,16309.35,23
231FA04221,Aditya Khan,student221@retentionai.edu,CSE,5.99,82.1,9,5.2,77.3,4,Moderate,6094.47,18
231FA04222,Ishaan Krishnan,student222@retentionai.edu,CSE,8.87,96.9,19,8.6,97.7,0,Active,474.67,2
231FA04223,Lavanya Ali,student223@retentionai.edu,CSE,6.0,72.5,7,4.1,72.5,2,Moderate,4765.51,20
231FA04224,Neha Patel,student224@retentionai.edu,CSE,7.8,93.8,12,6.2,97.6,0,Active,210.93,2
231FA04225,Yash Krishnan,student225@retentionai.edu,CSE,8.86,90.7,17,8.5,97.1,1,Active,1847.21,3
231FA04226,Dev Chopra,student226@retentionai.edu,CSE,7.03,81.2,6,5.1,68.6,4,Low,9245.28,9
231FA04227,Nisha Chopra,student227@retentionai.edu,CSE,6.84,77.4,9,6.1,68.5,3,Moderate,5324.28,13
231FA04228,Harsh Sharma,student228@retentionai.edu,CSE,7.9,93.4,13,6.0,85.2,0,Active,2051.48,2
231FA04229,Riya Vardhan,student229@retentionai.edu,CSE,5.97,54.3,1,1.6,61.0,5,Low,19695.96,29
231FA04230,Meera Malhotra,student230@retentionai.edu,CSE,6.05,80.2,14,5.1,69.8,4,Moderate,7585.76,11
231FA04231,Tara Rao,student231@retentionai.edu,CSE,6.13,61.3,3,2.3,40.7,5,Low,21998.38,36
231FA04232,Harsh Saxena,student232@retentionai.edu,CSE,9.52,93.7,16,7.5,87.0,0,Active,2911.81,3
231FA04233,Nisha Verma,student233@retentionai.edu,CSE,8.98,89.3,18,7.6,87.8,0,Active,3718.41,2
231FA04234,Neha Kulkarni,student234@retentionai.edu,CSE,5.41,50.8,2,1.3,66.1,5,Low,29469.86,21
231FA04235,Nisha Kulkarni,student235@retentionai.edu,CSE,6.39,78.5,9,5.5,82.6,2,Moderate,9616.71,16
231FA04236,Sana George,student236@retentionai.edu,CSE,4.17,53.4,2,3.4,53.9,5,Low,15862.39,36
231FA04237,Tara Menon,student237@retentionai.edu,CSE,5.46,70.1,3,2.8,53.1,5,Low,22678.01,34
231FA04238,Sneha Saxena,student238@retentionai.edu,CSE,7.83,90.7,18,10.6,88.8,1,Active,2685.0,3
231FA04239,Vikram Iyer,student239@retentionai.edu,CSE,9.34,93.0,18,8.3,93.6,0,Active,565.72,3
231FA04240,Pooja Bansal,student240@retentionai.edu,CSE,8.04,86.1,24,9.3,93.6,0,Active,3571.39,2
231FA04241,Varun Kulkarni,student241@retentionai.edu,CSE,6.29,70.6,8,4.5,78.3,2,Moderate,4606.24,17
231FA04242,Pooja Verma,student242@retentionai.edu,CSE,8.44,93.9,14,6.0,92.5,0,Active,4572.2,3
231FA04243,Rohan Ali,student243@retentionai.edu,CSE,7.7,87.5,22,7.2,99.8,1,Active,3739.09,3
231FA04244,Aditya Verma,student244@retentionai.edu,CSE,5.53,50.8,1,2.2,60.2,5,Low,16076.03,31
231FA04245,Pooja Bansal,student245@retentionai.edu,CSE,6.07,74.0,10,3.7,77.4,2,Moderate,4799.17,16
231FA04246,Pooja George,student246@retentionai.edu,CSE,8.46,91.6,13,8.3,91.9,0,Active,238.51,4
231FA04247,Nisha Khan,student247@retentionai.edu,CSE,4.57,57.7,1,4.0,66.5,5,Low,15034.16,43
231FA04248,Tara Verma,student248@retentionai.edu,CSE,8.06,90.7,12,8.7,95.3,0,Active,5175.53,2
231FA04249,Harsh Mehta,student249@retentionai.edu,CSE,9.38,84.3,15,10.3,91.2,1,Active,1820.09,5
231FA04250,Tara Kulkarni,student250@retentionai.edu,CSE,8.99,87.7,17,6.2,97.7,1,Active,4272.11,2
231FA04251,Rohan Iyer,student251@retentionai.edu,CSE,7.66,97.3,19,8.2,89.9,1,Active,5325.52,3
231FA04252,Harsh George,student252@retentionai.edu,CSE,5.97,76.4,9,5.1,72.5,4,Moderate,4471.02,12
231FA04253,Lavanya Singh,student253@retentionai.edu,CSE,6.02,65.2,8,3.7,51.6,8,Low,14263.43,39
231FA04254,Tara Pillai,student254@retentionai.edu,CSE,7.85,93.1,22,6.4,96.0,0,Active,684.99,3
231FA04255,Karan Das,student255@retentionai.edu,CSE,9.67,84.9,16,7.2,96.0,1,Active,1732.68,1
231FA04256,Yash Malhotra,student256@retentionai.edu,CSE,5.33,59.3,1,1.9,54.4,8,Low,24572.71,41
231FA04257,Rohan Bansal,student257@retentionai.edu,CSE,6.02,49.2,3,1.7,46.5,8,Low,23445.65,32
231FA04258,Anika Menon,student258@retentionai.edu,CSE,4.94,61.8,3,1.6,63.8,6,Low,22541.05,31
231FA04259,Priya Kulkarni,student259@retentionai.edu,CSE,6.77,74.4,11,6.3,76.7,3,Moderate,10236.47,16
231FA04260,Aarav Krishnan,student260@retentionai.edu,CSE,9.4,94.8,16,5.8,90.2,0,Active,67.78,1
231FA04261,Kabir Bansal,student261@retentionai.edu,CSE,7.7,95.3,17,10.5,97.0,0,Active,2888.97,5
231FA04262,Harsh Sharma,student262@retentionai.edu,CSE,9.58,94.7,12,7.0,85.5,1,Active,3759.07,6
231FA04263,Dev Jain,student263@retentionai.edu,CSE,7.76,86.8,22,5.7,88.0,0,Active,2662.64,0
231FA04264,Nisha Joshi,student264@retentionai.edu,CSE,4.08,57.7,2,1.2,66.0,8,Low,29437.5,25
231FA04265,Sneha Gupta,student265@retentionai.edu,CSE,7.72,86.6,22,7.9,86.8,0,Active,944.98,0
231FA04266,Tara Jain,student266@retentionai.edu,CSE,5.35,56.5,3,1.3,65.1,4,Low,14118.54,16
231FA04267,Anika Iyer,student267@retentionai.edu,CSE,9.19,91.1,22,10.6,92.0,1,Active,1862.35,5
231FA04268,Rohan Das,student268@retentionai.edu,CSE,6.58,70.9,13,4.9,68.2,3,Moderate,11253.28,8
231FA04269,Ishaan Vardhan,student269@retentionai.edu,CSE,8.27,91.9,17,7.6,90.1,1,Active,4705.88,3
231FA04270,Lavanya Das,student270@retentionai.edu,CSE,6.08,83.4,7,5.6,76.3,3,Moderate,7928.9,16
231FA04271,Neha Krishnan,student271@retentionai.edu,CSE,8.8,89.2,24,7.2,93.6,1,Active,5511.01,3
231FA04272,Diya Sharma,student272@retentionai.edu,CSE,5.89,69.6,7,3.1,59.4,7,Low,19631.3,32
231FA04273,Rahul Ali,student273@retentionai.edu,CSE,4.28,48.3,3,3.4,52.6,7,Low,31499.5,19
231FA04274,Farhan Vardhan,student274@retentionai.edu,CSE,7.79,88.8,17,10.2,88.6,1,Active,2465.03,4
231FA04275,Riya Verma,student275@retentionai.edu,CSE,5.14,61.1,4,2.6,60.3,4,Low,25681.48,32
231FA04276,Simran Malhotra,student276@retentionai.edu,CSE,8.12,97.6,12,5.7,98.8,1,Active,4361.83,4
231FA04277,Nisha Patel,student277@retentionai.edu,CSE,7.54,86.5,10,9.6,94.1,0,Moderate,3954.93,2
231FA04278,Yash Verma,student278@retentionai.edu,CSE,4.84,64.2,3,1.8,60.0,6,Low,13086.52,23
231FA04279,Sneha Vardhan,student279@retentionai.edu,CSE,6.93,76.6,12,3.5,82.6,3,Moderate,8584.05,11
231FA04280,Varun Khan,student280@retentionai.edu,CSE,5.77,54.4,8,3.5,60.5,8,Low,27409.95,31
231FA04281,Aarav Ali,student281@retentionai.edu,CSE,4.98,53.5,4,1.3,56.6,4,Low,30770.11,36
231FA04282,Yash Verma,student282@retentionai.edu,CSE,9.01,86.1,24,5.9,91.8,1,Active,4616.15,5
231FA04283,Sana Khan,student283@retentionai.edu,CSE,5.08,71.2,3,3.1,41.3,8,Low,27374.15,21
231FA04284,Riya Bansal,student284@retentionai.edu,CSE,8.36,96.3,20,5.5,85.6,1,Active,1598.62,5
231FA04285,Pooja Pillai,student285@retentionai.edu,CSE,8.67,97.0,20,7.2,85.8,0,Active,2192.13,6
231FA04286,Pooja Joshi,student286@retentionai.edu,CSE,6.42,71.5,13,3.8,77.0,4,Moderate,6273.57,6
231FA04287,Dev Vardhan,student287@retentionai.edu,CSE,5.86,70.8,6,4.7,69.0,4,Low,12007.8,13
231FA04288,Aarav Malhotra,student288@retentionai.edu,CSE,6.92,71.8,6,6.2,80.6,2,Low,9474.22,8
231FA04289,Vikram Patel,student289@retentionai.edu,CSE,4.74,68.9,7,2.2,67.3,8,Low,22917.7,25
231FA04290,Sana Verma,student290@retentionai.edu,CSE,9.01,88.3,24,8.7,87.0,1,Active,4665.97,0
231FA04291,Dev Pillai,student291@retentionai.edu,CSE,5.41,61.1,3,3.0,39.1,5,Low,26343.98,34
231FA04292,Arjun George,student292@retentionai.edu,CSE,9.77,90.1,20,9.1,89.1,0,Active,676.07,1
231FA04293,Yash Chopra,student293@retentionai.edu,CSE,9.13,96.8,22,5.7,92.7,0,Active,5370.48,5
231FA04294,Kabir Ali,student294@retentionai.edu,CSE,7.39,91.4,16,6.3,98.9,1,Active,1068.36,2
231FA04295,Sana Verma,student295@retentionai.edu,CSE,6.47,80.6,10,5.3,80.0,4,Moderate,15433.12,20
231FA04296,Lavanya Khan,student296@retentionai.edu,CSE,7.2,73.3,9,6.2,76.2,2,Moderate,14965.06,20
231FA04297,Dev Pillai,student297@retentionai.edu,CSE,6.18,77.8,12,6.3,67.5,3,Moderate,6868.75,7
231FA04298,Priya Reddy,student298@retentionai.edu,CSE,8.41,92.1,11,7.6,95.4,0,Moderate,1779.54,6
231FA04299,Diya Rao,student299@retentionai.edu,CSE,8.81,87.8,18,9.4,93.4,0,Active,830.43,2
231FA04300,Rahul Khan,student300@retentionai.edu,CSE,7.34,88.0,18,8.4,86.8,1,Active,2711.87,2
231FA04301,Riya Rao,student301@retentionai.edu,CSE,9.01,89.9,18,10.7,85.3,1,Active,5817.45,4
231FA04302,Farhan Bansal,student302@retentionai.edu,CSE,6.75,79.8,13,4.9,75.8,3,Moderate,6060.85,10
231FA04303,Karan Kulkarni,student303@retentionai.edu,CSE,9.73,95.4,20,9.9,87.4,0,Active,246.91,2
231FA04304,Karan Vardhan,student304@retentionai.edu,CSE,6.45,77.0,13,6.3,68.0,4,Moderate,10553.75,14
231FA04305,Lavanya Das,student305@retentionai.edu,CSE,5.05,49.0,2,2.1,50.0,5,Low,20919.45,17
231FA04306,Aarav Patel,student306@retentionai.edu,CSE,8.95,83.4,13,8.2,94.0,0,Active,5450.68,2
231FA04307,Simran Krishnan,student307@retentionai.edu,CSE,8.35,84.6,24,7.8,98.4,0,Active,5013.07,4
231FA04308,Farhan Saxena,student308@retentionai.edu,CSE,8.65,93.4,12,6.6,97.5,1,Active,3323.2,0
231FA04309,Aditi Saxena,student309@retentionai.edu,CSE,8.93,86.6,24,9.3,88.7,0,Active,4588.31,3
231FA04310,Dev Pillai,student310@retentionai.edu,CSE,6.97,70.2,6,3.9,73.8,4,Low,5625.97,8
231FA04311,Aditi Patel,student311@retentionai.edu,CSE,8.83,94.2,12,8.5,98.1,1,Active,1628.75,5
231FA04312,Sneha Malhotra,student312@retentionai.edu,CSE,7.47,84.5,13,9.9,93.4,0,Active,2504.08,0
231FA04313,Yash George,student313@retentionai.edu,CSE,5.56,48.7,4,1.6,58.8,5,Low,18148.57,21
231FA04314,Sneha Malhotra,student314@retentionai.edu,CSE,7.71,82.5,19,5.8,86.8,1,Active,259.69,2
231FA04315,Aarav Patel,student315@retentionai.edu,CSE,6.36,72.2,9,5.0,66.3,4,Moderate,13158.93,14
231FA04316,Meera George,student316@retentionai.edu,CSE,9.02,85.0,11,6.5,90.3,1,Moderate,2544.55,4
231FA04317,Rahul Pillai,student317@retentionai.edu,CSE,6.59,71.6,10,5.6,81.0,2,Moderate,10646.99,10
231FA04318,Rohan Malhotra,student318@retentionai.edu,CSE,8.34,92.5,12,7.7,95.4,0,Active,4448.59,1
231FA04319,Sneha Pillai,student319@retentionai.edu,CSE,7.06,79.0,13,5.5,83.1,3,Moderate,10136.97,8
231FA04320,Aarav Rao,student320@retentionai.edu,CSE,5.1,48.7,6,1.7,56.7,4,Low,27203.43,36
231FA04321,Harsh Das,student321@retentionai.edu,CSE,5.85,76.0,12,4.9,81.2,3,Moderate,9515.87,6
231FA04322,Pooja Malhotra,student322@retentionai.edu,CSE,8.96,92.6,19,8.1,93.4,0,Active,3040.11,3
231FA04323,Rahul Mehta,student323@retentionai.edu,CSE,5.96,56.5,6,4.2,50.4,4,Low,25224.8,22
231FA04324,Anika Singh,student324@retentionai.edu,CSE,8.4,95.8,24,7.8,85.3,1,Active,3527.94,2
231FA04325,Sneha Joshi,student325@retentionai.edu,CSE,6.28,83.6,7,6.0,75.2,3,Moderate,7181.86,10
231FA04326,Tara Das,student326@retentionai.edu,CSE,7.08,76.7,7,5.5,70.7,3,Moderate,9194.93,14
231FA04327,Simran Sharma,student327@retentionai.edu,CSE,6.36,79.3,13,4.3,77.1,4,Moderate,14233.3,20
231FA04328,Sneha Gupta,student328@retentionai.edu,CSE,7.18,82.8,12,4.3,70.5,2,Moderate,7077.36,15
231FA04329,Lavanya Malhotra,student329@retentionai.edu,CSE,5.42,48.9,3,1.3,61.7,6,Low,25173.41,20
231FA04330,Simran Patel,student330@retentionai.edu,CSE,9.54,88.5,20,10.4,91.0,0,Active,1416.25,4
231FA04331,Sneha Das,student331@retentionai.edu,CSE,7.0,73.3,8,3.8,69.1,3,Moderate,9273.7,10
231FA04332,Dev Joshi,student332@retentionai.edu,CSE,7.3,75.1,10,3.6,83.4,4,Moderate,4417.71,17
231FA04333,Ishaan Saxena,student333@retentionai.edu,CSE,6.9,77.5,13,4.7,82.3,3,Moderate,15130.09,20
231FA04334,Karan Krishnan,student334@retentionai.edu,CSE,5.69,58.2,2,3.7,66.2,7,Low,26738.84,44
231FA04335,Nisha Patel,student335@retentionai.edu,CSE,6.97,77.7,6,5.8,77.2,2,Low,11561.88,18
231FA04336,Karan Jain,student336@retentionai.edu,CSE,8.98,94.7,17,10.3,87.0,0,Active,4124.8,6
231FA04337,Aditya Vardhan,student337@retentionai.edu,CSE,6.14,53.0,3,1.3,56.5,8,Low,17203.16,17
231FA04338,Aditya Krishnan,student338@retentionai.edu,CSE,4.49,53.1,5,2.1,52.8,5,Low,20626.17,21
231FA04339,Aarav Gupta,student339@retentionai.edu,CSE,4.99,54.2,8,1.5,52.1,6,Low,31487.98,27
231FA04340,Diya Das,student340@retentionai.edu,CSE,7.39,83.2,6,3.5,74.6,3,Low,7630.09,12
231FA04341,Dev Das,student341@retentionai.edu,CSE,8.03,90.5,11,7.2,99.7,1,Moderate,5230.08,6
231FA04342,Simran Singh,student342@retentionai.edu,CSE,9.67,90.9,20,9.9,85.8,0,Active,327.4,1
231FA04343,Harsh Malhotra,student343@retentionai.edu,CSE,5.86,69.7,2,1.8,46.5,5,Low,26998.73,41
231FA04344,Farhan Patel,student344@retentionai.edu,CSE,5.95,74.6,7,4.7,76.2,2,Moderate,14043.73,8
231FA04345,Aarav Das,student345@retentionai.edu,CSE,7.32,84.0,8,4.1,65.9,4,Moderate,7395.45,18
231FA04346,Vikram Chopra,student346@retentionai.edu,CSE,9.42,84.6,14,9.1,99.3,0,Active,723.61,3
231FA04347,Simran Reddy,student347@retentionai.edu,CSE,6.76,71.3,11,5.3,73.2,3,Moderate,5115.37,14
231FA04348,Aditi George,student348@retentionai.edu,CSE,6.19,79.3,8,6.5,78.0,3,Moderate,14098.46,14
231FA04349,Tara Khan,student349@retentionai.edu,CSE,5.93,77.0,13,4.0,68.5,3,Moderate,4543.1,12
231FA04350,Aditya Singh,student350@retentionai.edu,CSE,9.14,91.7,11,7.9,85.3,1,Moderate,700.07,1
231FA04351,Riya Verma,student351@retentionai.edu,CSE,4.25,48.4,1,1.8,57.5,5,Low,20715.77,35
231FA04352,Arjun Singh,student352@retentionai.edu,CSE,8.43,95.8,13,7.1,97.4,1,Active,305.53,0
231FA04353,Aditya Joshi,student353@retentionai.edu,CSE,5.9,70.3,14,3.7,82.0,3,Moderate,14669.69,7
231FA04354,Rahul Krishnan,student354@retentionai.edu,CSE,9.56,87.4,23,9.4,92.0,1,Active,4337.97,3
231FA04355,Neha Singh,student355@retentionai.edu,CSE,6.59,81.1,13,4.4,69.0,2,Moderate,15991.13,11
231FA04356,Arjun Kulkarni,student356@retentionai.edu,CSE,7.78,86.1,15,9.7,96.6,1,Active,5377.91,6
231FA04357,Arjun Kulkarni,student357@retentionai.edu,CSE,7.31,83.7,23,6.6,90.4,1,Active,4248.98,6
231FA04358,Farhan Chopra,student358@retentionai.edu,CSE,9.37,89.6,12,6.0,90.6,1,Active,2163.86,5
231FA04359,Lavanya Verma,student359@retentionai.edu,CSE,5.77,71.6,6,2.4,61.2,7,Low,13229.37,39
231FA04360,Priya Vardhan,student360@retentionai.edu,CSE,4.02,55.0,3,3.3,51.4,5,Low,29751.6,34
231FA04361,Riya Nair,student361@retentionai.edu,CSE,5.6,68.9,5,1.8,53.4,6,Low,22426.72,39
231FA04362,Ishaan Mehta,student362@retentionai.edu,CSE,4.13,57.3,6,1.6,60.7,4,Low,20974.74,33
231FA04363,Rohan Pillai,student363@retentionai.edu,CSE,8.49,93.8,18,8.7,97.3,1,Active,2725.86,1
231FA04364,Harsh George,student364@retentionai.edu,CSE,8.72,92.2,21,10.6,92.3,1,Active,4942.87,1
231FA04365,Rahul Rao,student365@retentionai.edu,CSE,4.27,62.3,3,1.6,47.1,6,Low,18065.2,30
231FA04366,Ishaan Gupta,student366@retentionai.edu,CSE,5.08,51.1,1,2.5,55.2,8,Low,21047.49,25
231FA04367,Aditi Krishnan,student367@retentionai.edu,CSE,8.37,95.9,22,8.9,94.4,1,Active,1396.93,3
231FA04368,Tara Saxena,student368@retentionai.edu,CSE,6.83,79.0,14,5.2,66.0,4,Moderate,10261.05,18
231FA04369,Meera Jain,student369@retentionai.edu,CSE,9.3,91.7,10,8.2,99.0,1,Moderate,2622.1,3
231FA04370,Riya Verma,student370@retentionai.edu,CSE,7.64,91.8,10,9.4,89.5,0,Moderate,1920.25,3
231FA04371,Nisha Chopra,student371@retentionai.edu,CSE,7.9,87.1,11,8.2,91.1,0,Moderate,5482.41,0
231FA04372,Varun Saxena,student372@retentionai.edu,CSE,9.72,88.0,22,6.8,99.3,1,Active,250.75,6
231FA04373,Pooja Menon,student373@retentionai.edu,CSE,5.85,55.0,2,2.1,49.9,4,Low,28609.96,38
231FA04374,Anika Saxena,student374@retentionai.edu,CSE,6.19,79.9,13,6.4,71.2,4,Moderate,5604.71,20
231FA04375,Manav Saxena,student375@retentionai.edu,CSE,5.85,81.6,7,4.6,80.4,4,Moderate,8295.59,8
231FA04376,Kabir Sharma,student376@retentionai.edu,CSE,9.6,87.7,19,8.9,97.1,0,Active,1405.55,3
231FA04377,Varun Khan,student377@retentionai.edu,CSE,8.63,92.6,20,8.8,87.6,0,Active,4475.84,1
231FA04378,Priya Joshi,student378@retentionai.edu,CSE,5.23,59.3,1,3.8,47.7,7,Low,17480.71,36
231FA04379,Farhan Vardhan,student379@retentionai.edu,CSE,8.22,87.4,22,5.6,96.1,1,Active,5746.65,1
231FA04380,Aditya Das,student380@retentionai.edu,CSE,5.04,72.0,6,2.8,45.1,4,Low,27514.99,34
231FA04381,Aditya Nair,student381@retentionai.edu,CSE,4.14,51.2,8,1.4,56.3,7,Low,13315.81,36
231FA04382,Farhan Jain,student382@retentionai.edu,CSE,6.41,81.1,7,4.5,82.8,2,Moderate,9448.92,11
231FA04383,Meera Bansal,student383@retentionai.edu,CSE,4.93,66.1,4,1.6,39.3,5,Low,18233.34,28
231FA04384,Anika Gupta,student384@retentionai.edu,CSE,8.72,92.9,18,10.0,93.4,0,Active,2532.37,1
231FA04385,Varun Bansal,student385@retentionai.edu,CSE,6.28,74.6,6,5.0,82.5,4,Low,6676.3,9
231FA04386,Meera Reddy,student386@retentionai.edu,CSE,5.82,75.0,8,4.4,68.7,4,Moderate,14952.51,11
231FA04387,Karan Das,student387@retentionai.edu,CSE,7.71,84.8,11,5.6,95.2,1,Moderate,3929.22,0
231FA04388,Simran Pillai,student388@retentionai.edu,CSE,5.94,51.3,7,3.3,47.5,7,Low,31539.63,22
231FA04389,Diya Saxena,student389@retentionai.edu,CSE,9.41,97.5,13,9.5,96.8,0,Active,1004.6,3
231FA04390,Dev Malhotra,student390@retentionai.edu,CSE,7.27,78.2,9,6.2,73.6,2,Moderate,8750.8,10
231FA04391,Sneha Patel,student391@retentionai.edu,CSE,8.11,91.3,19,7.4,91.8,1,Active,2453.72,6
231FA04392,Nisha George,student392@retentionai.edu,CSE,7.92,85.6,15,5.7,88.0,0,Active,4050.64,2
231FA04393,Aarav Chopra,student393@retentionai.edu,CSE,5.72,58.1,1,2.6,53.4,5,Low,29309.32,22
231FA04394,Manav Patel,student394@retentionai.edu,CSE,7.03,82.3,13,6.1,65.6,2,Moderate,10930.1,8
231FA04395,Pooja Chopra,student395@retentionai.edu,CSE,6.74,77.9,8,4.0,83.1,3,Moderate,10818.29,18
231FA04396,Meera Malhotra,student396@retentionai.edu,CSE,7.34,78.9,8,3.8,75.5,2,Moderate,13917.7,15
231FA04397,Ishaan Joshi,student397@retentionai.edu,CSE,7.35,90.3,23,10.5,90.9,0,Active,774.83,3
231FA04398,Kriti Pillai,student398@retentionai.edu,CSE,8.77,97.0,18,9.4,91.9,0,Active,44.66,1
231FA04399,Riya Gupta,student399@retentionai.edu,CSE,9.02,93.4,19,10.0,97.7,1,Active,1494.81,4
231FA04400,Harsh Gupta,student400@retentionai.edu,CSE,5.6,70.6,7,4.2,54.6,6,Low,13530.67,18
231FA04401,Aarav Patel,student401@retentionai.edu,CSE,8.09,88.8,10,5.6,86.7,0,Moderate,1962.66,5
231FA04402,Karan Gupta,student402@retentionai.edu,CSE,5.92,80.7,8,4.8,68.4,4,Moderate,4413.34,16
231FA04403,Diya Kulkarni,student403@retentionai.edu,CSE,8.55,85.2,24,6.8,86.4,1,Active,167.67,0
231FA04404,Diya Ali,student404@retentionai.edu,CSE,6.32,78.8,14,4.7,73.1,2,Moderate,6565.36,11
231FA04405,Riya Joshi,student405@retentionai.edu,CSE,7.38,85.5,19,8.2,99.9,0,Active,1511.64,0
231FA04406,Aarav Kulkarni,student406@retentionai.edu,CSE,8.43,93.9,21,10.9,88.5,0,Active,1853.09,5
231FA04407,Vikram Mehta,student407@retentionai.edu,CSE,7.2,71.9,6,5.1,83.6,4,Low,13752.53,18
231FA04408,Priya Mehta,student408@retentionai.edu,CSE,4.71,59.1,8,1.4,43.8,5,Low,30765.49,19
231FA04409,Kabir Krishnan,student409@retentionai.edu,CSE,7.71,88.8,14,7.1,91.7,0,Active,1631.16,6
231FA04410,Kriti Malhotra,student410@retentionai.edu,CSE,5.59,67.0,3,2.9,43.3,7,Low,21273.02,29
231FA04411,Aarav Sharma,student411@retentionai.edu,CSE,4.89,58.4,6,2.4,47.2,8,Low,13424.69,43
231FA04412,Sana Chopra,student412@retentionai.edu,CSE,5.56,63.9,1,3.2,65.8,5,Low,16847.06,16
231FA04413,Rohan Verma,student413@retentionai.edu,CSE,6.73,79.3,7,5.8,77.2,3,Moderate,8772.0,15
231FA04414,Sana Pillai,student414@retentionai.edu,CSE,4.68,58.3,2,1.5,55.2,6,Low,28284.56,23
231FA04415,Riya Chopra,student415@retentionai.edu,CSE,8.28,86.6,12,7.6,95.6,0,Active,2918.83,4
231FA04416,Aditya Kulkarni,student416@retentionai.edu,CSE,8.03,88.0,15,5.7,88.5,1,Active,4036.83,0
231FA04417,Sneha Khan,student417@retentionai.edu,CSE,6.34,76.0,11,6.5,80.5,3,Moderate,11980.94,12
231FA04418,Kabir Verma,student418@retentionai.edu,CSE,6.25,79.8,11,4.9,78.0,3,Moderate,10178.97,16
231FA04419,Kabir Das,student419@retentionai.edu,CSE,5.33,58.0,2,2.2,66.2,7,Low,31737.43,42
231FA04420,Varun George,student420@retentionai.edu,CSE,6.6,71.2,14,6.5,73.9,3,Moderate,15460.61,13
231FA04421,Priya Sharma,student421@retentionai.edu,CSE,9.19,85.5,17,10.7,95.1,0,Active,5536.42,5
231FA04422,Riya Saxena,student422@retentionai.edu,CSE,5.63,66.1,7,3.6,44.7,4,Low,17819.53,18
231FA04423,Anika Reddy,student423@retentionai.edu,CSE,7.36,90.6,16,7.3,90.5,0,Active,3118.51,4
231FA04424,Dev Joshi,student424@retentionai.edu,CSE,4.62,66.7,1,3.0,47.3,4,Low,17469.05,42
231FA04425,Diya Das,student425@retentionai.edu,CSE,6.06,53.6,3,3.8,59.8,6,Low,31687.79,36
231FA04426,Dev Menon,student426@retentionai.edu,CSE,7.39,93.6,24,6.6,97.8,1,Active,583.92,2
231FA04427,Priya Malhotra,student427@retentionai.edu,CSE,7.77,94.0,10,7.5,97.8,0,Moderate,4069.91,6
231FA04428,Aditi Das,student428@retentionai.edu,CSE,5.38,58.1,4,2.4,47.1,8,Low,31091.11,35
231FA04429,Aditi Reddy,student429@retentionai.edu,CSE,4.03,50.9,4,1.3,55.2,8,Low,21589.97,37
231FA04430,Anika Patel,student430@retentionai.edu,CSE,9.31,82.3,18,9.8,93.0,0,Active,3113.41,4
231FA04431,Aarav Vardhan,student431@retentionai.edu,CSE,5.86,78.1,7,5.2,81.2,2,Moderate,5015.32,7
231FA04432,Nisha Gupta,student432@retentionai.edu,CSE,8.7,93.1,15,8.8,92.7,0,Active,3975.7,0
231FA04433,Sana Verma,student433@retentionai.edu,CSE,6.68,75.5,8,4.7,66.6,3,Moderate,12118.31,17
231FA04434,Rohan Saxena,student434@retentionai.edu,CSE,9.34,88.2,16,5.6,94.1,0,Active,1620.75,4
231FA04435,Vikram Reddy,student435@retentionai.edu,CSE,8.57,96.0,22,8.2,92.9,1,Active,3309.25,4
231FA04436,Manav Vardhan,student436@retentionai.edu,CSE,6.75,73.6,8,5.5,67.7,4,Moderate,12825.07,6
231FA04437,Karan Krishnan,student437@retentionai.edu,CSE,6.26,85.1,9,4.4,81.3,3,Moderate,8878.18,11
231FA04438,Harsh Malhotra,student438@retentionai.edu,CSE,6.88,83.1,13,5.0,84.0,4,Moderate,12374.58,12
231FA04439,Rahul Jain,student439@retentionai.edu,CSE,6.52,72.4,14,6.2,68.3,3,Moderate,14072.91,14
231FA04440,Rohan Jain,student440@retentionai.edu,CSE,7.98,86.7,21,9.0,90.9,1,Active,5574.65,5
231FA04441,Anika Gupta,student441@retentionai.edu,CSE,6.58,80.1,6,3.8,74.3,2,Low,10349.16,20
231FA04442,Rahul Gupta,student442@retentionai.edu,CSE,6.66,73.8,13,4.0,71.7,3,Moderate,4069.72,20
231FA04443,Anika Nair,student443@retentionai.edu,CSE,9.7,97.7,17,8.5,97.0,0,Active,1949.33,6
231FA04444,Aarav Chopra,student444@retentionai.edu,CSE,8.96,87.5,21,5.5,92.2,1,Active,2915.58,6
231FA04445,Kriti Ali,student445@retentionai.edu,CSE,9.24,83.6,19,6.5,99.9,0,Active,1376.31,1
231FA04446,Nisha Gupta,student446@retentionai.edu,CSE,7.7,89.7,20,5.8,86.7,1,Active,1683.34,2
231FA04447,Sana Kulkarni,student447@retentionai.edu,CSE,7.86,89.9,11,6.0,85.2,0,Moderate,1987.27,5
231FA04448,Tara Saxena,student448@retentionai.edu,CSE,8.36,83.6,19,7.4,95.9,0,Active,3201.35,1
231FA04449,Aditya Ali,student449@retentionai.edu,CSE,6.64,83.3,8,5.3,78.2,2,Moderate,7475.88,15
231FA04450,Karan Krishnan,student450@retentionai.edu,CSE,5.71,58.0,3,1.2,55.2,8,Low,25934.43,43
231FA04451,Priya Khan,student451@retentionai.edu,CSE,7.78,90.5,20,6.3,98.3,0,Active,1622.61,6
231FA04452,Rahul Das,student452@retentionai.edu,CSE,6.01,82.6,6,5.4,65.2,3,Low,6631.36,10
231FA04453,Pooja Saxena,student453@retentionai.edu,CSE,6.15,73.8,12,4.0,69.4,4,Moderate,9206.84,8
231FA04454,Kabir Singh,student454@retentionai.edu,CSE,6.3,82.4,9,3.7,66.4,2,Moderate,9460.29,16
231FA04455,Pooja Sharma,student455@retentionai.edu,CSE,9.36,97.0,22,6.0,87.1,0,Active,4754.4,0
231FA04456,Simran Krishnan,student456@retentionai.edu,CSE,6.57,73.4,10,5.4,67.3,2,Moderate,5233.78,10
231FA04457,Rahul Saxena,student457@retentionai.edu,CSE,8.2,96.1,11,8.2,99.9,0,Moderate,610.42,2
231FA04458,Anika Kulkarni,student458@retentionai.edu,CSE,9.52,93.0,14,7.4,86.6,1,Active,3970.39,2
231FA04459,Pooja Krishnan,student459@retentionai.edu,CSE,7.49,88.8,12,6.0,99.9,0,Active,4605.21,2
231FA04460,Harsh Vardhan,student460@retentionai.edu,CSE,5.93,80.0,9,5.6,69.5,2,Moderate,6439.36,19
231FA04461,Varun Chopra,student461@retentionai.edu,CSE,4.32,69.3,7,1.9,62.8,4,Low,26939.91,18
231FA04462,Rohan Bansal,student462@retentionai.edu,CSE,7.19,70.4,7,4.2,65.2,3,Moderate,5796.61,8
231FA04463,Anika Krishnan,student463@retentionai.edu,CSE,7.49,83.0,19,9.6,92.5,0,Active,2378.34,3
231FA04464,Neha Mehta,student464@retentionai.edu,CSE,5.89,75.5,14,5.3,66.5,4,Moderate,9621.23,11
231FA04465,Arjun Rao,student465@retentionai.edu,CSE,9.04,87.4,12,8.5,86.0,0,Active,4539.13,2
231FA04466,Riya Gupta,student466@retentionai.edu,CSE,7.93,88.4,22,7.6,90.3,0,Active,4215.94,0
231FA04467,Varun Nair,student467@retentionai.edu,CSE,6.89,71.1,9,6.2,80.3,4,Moderate,5690.35,17
231FA04468,Rahul Kulkarni,student468@retentionai.edu,CSE,9.21,88.2,19,8.8,99.4,1,Active,584.44,0
231FA04469,Karan Patel,student469@retentionai.edu,CSE,4.2,52.5,5,4.2,67.4,7,Low,25005.84,19
231FA04470,Aditya Joshi,student470@retentionai.edu,CSE,5.13,65.9,2,3.2,53.2,6,Low,29548.17,36
231FA04471,Pooja Singh,student471@retentionai.edu,CSE,7.78,96.0,15,8.1,94.6,1,Active,654.71,1
231FA04472,Dev Rao,student472@retentionai.edu,CSE,6.67,83.3,9,4.5,65.6,4,Moderate,13290.47,6
231FA04473,Sneha Joshi,student473@retentionai.edu,CSE,5.72,50.1,7,1.4,64.2,7,Low,29425.78,31
231FA04474,Ishaan Singh,student474@retentionai.edu,CSE,5.06,61.4,7,2.3,58.8,7,Low,28460.31,32
231FA04475,Kabir Mehta,student475@retentionai.edu,CSE,4.33,59.5,6,1.5,67.1,7,Low,17256.05,38
231FA04476,Arjun Nair,student476@retentionai.edu,CSE,5.53,67.4,4,2.2,66.6,8,Low,31102.09,26
231FA04477,Aditi Krishnan,student477@retentionai.edu,CSE,6.36,77.6,11,3.8,68.3,3,Moderate,8477.46,14
231FA04478,Aditya Rao,student478@retentionai.edu,CSE,6.84,78.6,13,5.7,76.9,4,Moderate,5196.42,13
231FA04479,Harsh Reddy,student479@retentionai.edu,CSE,6.09,56.8,8,2.4,62.6,7,Low,12152.1,26
231FA04480,Aditya Ali,student480@retentionai.edu,CSE,5.98,58.4,3,3.6,63.2,8,Low,28400.69,34
231FA04481,Pooja Iyer,student481@retentionai.edu,CSE,7.08,78.1,12,6.4,68.3,3,Moderate,10207.32,12
231FA04482,Kriti Vardhan,student482@retentionai.edu,CSE,4.21,48.6,3,1.3,59.2,4,Low,23435.88,15
231FA04483,Aditi Jain,student483@retentionai.edu,CSE,9.39,93.6,16,9.7,94.9,1,Active,497.78,1
231FA04484,Karan Patel,student484@retentionai.edu,CSE,9.57,85.3,22,5.6,86.1,0,Active,1261.78,3
231FA04485,Yash Nair,student485@retentionai.edu,CSE,6.57,78.6,8,5.1,69.8,2,Moderate,6314.14,6
231FA04486,Vikram Patel,student486@retentionai.edu,CSE,7.91,85.2,21,8.5,89.4,1,Active,2616.37,3
231FA04487,Meera Mehta,student487@retentionai.edu,CSE,8.3,94.0,19,6.1,90.7,0,Active,3402.85,2
231FA04488,Simran Saxena,student488@retentionai.edu,CSE,5.85,74.0,8,4.6,66.4,4,Moderate,8459.92,8
231FA04489,Anika Jain,student489@retentionai.edu,CSE,6.25,73.0,14,4.3,76.6,4,Moderate,4897.89,20
231FA04490,Dev Nair,student490@retentionai.edu,CSE,4.27,52.3,7,1.9,38.6,4,Low,24873.33,42
231FA04491,Harsh George,student491@retentionai.edu,CSE,7.24,89.5,16,9.5,89.1,1,Active,2402.07,4
231FA04492,Vikram Nair,student492@retentionai.edu,CSE,9.78,95.8,13,6.4,87.9,1,Active,4896.89,4
231FA04493,Priya Kulkarni,student493@retentionai.edu,CSE,9.02,96.8,11,6.2,97.9,1,Moderate,3821.42,5
231FA04494,Sana Chopra,student494@retentionai.edu,CSE,8.65,96.0,21,10.2,95.4,0,Active,5830.59,0
231FA04495,Nisha Das,student495@retentionai.edu,CSE,5.0,51.8,3,1.9,48.9,7,Low,29357.18,31
231FA04496,Varun Bansal,student496@retentionai.edu,CSE,8.4,83.7,10,10.4,87.8,0,Moderate,2857.44,4
231FA04497,Anika Nair,student497@retentionai.edu,CSE,7.25,92.4,16,6.6,87.8,0,Active,3564.29,4
231FA04498,Harsh Rao,student498@retentionai.edu,CSE,9.02,88.5,13,9.5,98.2,1,Active,2971.03,1
231FA04499,Yash Malhotra,student499@retentionai.edu,CSE,4.52,55.9,3,2.2,51.7,4,Low,25320.63,28
231FA04500,Varun Sharma,student500@retentionai.edu,CSE,6.73,76.8,7,3.6,65.3,4,Moderate,15884.96,19
